topic_id,semantic_coherence
0,0.02695419477055272
1,0.010716024281228524
2,0.031667472924400614
3,0.03898676460911259
4,0.011376612896763463
5,0.017219605152361508
6,0.01243746875749635
7,0.012898511537254392
8,0.013482602536232438
9,0.016046386767602783
